-- phpMyAdmin SQL Dump
-- version 4.8.2
-- https://www.phpmyadmin.net/
--
-- Servidor: 127.0.0.1
-- Tiempo de generación: 22-09-2018 a las 13:33:34
-- Versión del servidor: 10.1.34-MariaDB
-- Versión de PHP: 7.2.7

SET SQL_MODE = "NO_AUTO_VALUE_ON_ZERO";
SET AUTOCOMMIT = 0;
START TRANSACTION;
SET time_zone = "+00:00";


/*!40101 SET @OLD_CHARACTER_SET_CLIENT=@@CHARACTER_SET_CLIENT */;
/*!40101 SET @OLD_CHARACTER_SET_RESULTS=@@CHARACTER_SET_RESULTS */;
/*!40101 SET @OLD_COLLATION_CONNECTION=@@COLLATION_CONNECTION */;
/*!40101 SET NAMES utf8mb4 */;

--
-- Base de datos: `tiendaonline`
--

-- --------------------------------------------------------

--
-- Estructura de tabla para la tabla `clientes`
--

CREATE TABLE `clientes` (
  `id` int(100) NOT NULL,
  `nombre` varchar(255) DEFAULT NULL,
  `apellidos` varchar(255) DEFAULT NULL,
  `email` varchar(255) DEFAULT NULL,
  `usuario` varchar(255) DEFAULT NULL,
  `contrasena` varchar(255) DEFAULT NULL,
  `telefono` int(12) DEFAULT NULL,
  `movil` int(12) DEFAULT NULL,
  `fax` varchar(12) DEFAULT NULL,
  `direccioncalle` varchar(255) DEFAULT NULL,
  `codigopostal` varchar(255) DEFAULT NULL,
  `poblacion` varchar(255) DEFAULT NULL,
  `pais` varchar(255) DEFAULT NULL,
  `dninif` varchar(255) DEFAULT NULL
) ENGINE=InnoDB DEFAULT CHARSET=utf8;

--
-- Volcado de datos para la tabla `clientes`
--

INSERT INTO `clientes` (`id`, `nombre`, `apellidos`, `email`, `usuario`, `contrasena`, `telefono`, `movil`, `fax`, `direccioncalle`, `codigopostal`, `poblacion`, `pais`, `dninif`) VALUES
(1, 'Ramiro Jhonatan', 'Pardo Foronda', 'pardoforonda@gmail.com', 'rpardo', 'rpardo', NULL, NULL, NULL, NULL, NULL, NULL, NULL, NULL),
(2, 'Juan', 'Lopez', 'lopez@hotmail.com', 'juan', 'lopez', NULL, NULL, NULL, NULL, NULL, NULL, NULL, NULL),
(3, 'Boris', 'Vargas Paucara', 'borisvargaspaucara@gmail.com', 'boris', 'boris', NULL, NULL, NULL, NULL, NULL, NULL, NULL, NULL),
(4, 'admin', 'admin', 'admin@red.com', 'admin', 'admin', NULL, NULL, NULL, NULL, NULL, NULL, NULL, NULL);

-- --------------------------------------------------------

--
-- Estructura de tabla para la tabla `imagenesproductos`
--

CREATE TABLE `imagenesproductos` (
  `id` int(100) NOT NULL,
  `idproducto` int(100) DEFAULT NULL,
  `imagen` varchar(255) DEFAULT NULL,
  `titulo` varchar(255) DEFAULT NULL,
  `descripcion` varchar(255) DEFAULT NULL
) ENGINE=InnoDB DEFAULT CHARSET=utf8;

--
-- Volcado de datos para la tabla `imagenesproductos`
--

INSERT INTO `imagenesproductos` (`id`, `idproducto`, `imagen`, `titulo`, `descripcion`) VALUES
(1, 1, 'lampara1a.png', 'Título 1', 'Descripción 1'),
(2, 1, 'lampara1b.png', 'Título de la segunda imagen', 'Descripción'),
(3, 2, 'lampara2a.png', 'Título de la imagen', 'Descripción'),
(4, 2, 'lampara2b.png', 'Título', 'Descripción'),
(5, 3, 'lampara3a.png', 'Título', 'Descripción'),
(6, 3, 'lampara3b.png', 'Título', 'Descripción');

-- --------------------------------------------------------

--
-- Estructura de tabla para la tabla `lineaspedido`
--

CREATE TABLE `lineaspedido` (
  `id` int(100) NOT NULL,
  `idpedido` int(100) DEFAULT NULL,
  `idproducto` int(100) DEFAULT NULL,
  `unidades` int(100) DEFAULT NULL
) ENGINE=InnoDB DEFAULT CHARSET=utf8;

--
-- Volcado de datos para la tabla `lineaspedido`
--

INSERT INTO `lineaspedido` (`id`, `idpedido`, `idproducto`, `unidades`) VALUES
(3, 5, 1, 1),
(4, 5, 2, 1),
(5, 5, 3, 1),
(6, 6, 1, 1),
(7, 6, 2, 1),
(8, 6, 3, 1),
(9, 7, 1, 1),
(10, 7, 2, 1),
(11, 7, 3, 1),
(12, 8, 1, 1),
(13, 8, 2, 1),
(14, 8, 3, 1),
(15, 9, 1, 1),
(16, 9, 2, 1),
(17, 9, 3, 1),
(18, 10, 1, 1),
(19, 10, 2, 1),
(20, 10, 3, 1),
(21, 11, 1, 1),
(22, 12, 1, 1),
(23, 13, 1, 1),
(24, 14, 1, 1),
(25, 15, 1, 1),
(26, 16, 1, 1),
(27, 17, 1, 1),
(28, 18, 1, 1),
(29, 18, 2, 1),
(30, 18, 3, 1),
(31, 19, 1, 1),
(32, 19, 2, 1),
(33, 19, 3, 1),
(34, 19, 2, 1),
(35, 23, 1, 1),
(36, 23, 2, 1),
(37, 23, 3, 1),
(38, 24, 1, 1),
(39, 24, 1, 1),
(40, 24, 1, 1),
(41, 25, 2, 1),
(42, 25, 2, 1),
(43, 26, 2, 1),
(44, 26, 2, 1),
(45, 27, 1, 1),
(46, 27, 1, 1),
(47, 28, 1, 1),
(48, 28, 1, 1),
(49, 29, 3, 1),
(50, 29, 3, 1),
(51, 30, 1, 1),
(52, 31, 1, 1),
(53, 32, 1, 1),
(54, 32, 1, 1),
(55, 32, 1, 1),
(56, 32, 1, 1),
(57, 32, 1, 1),
(58, 32, 1, 1),
(59, 32, 1, 1),
(60, 33, 1, 1),
(61, 33, 1, 1);

-- --------------------------------------------------------

--
-- Estructura de tabla para la tabla `pedidos`
--

CREATE TABLE `pedidos` (
  `id` int(100) NOT NULL,
  `idcliente` int(100) DEFAULT NULL,
  `fecha` varchar(100) DEFAULT NULL,
  `estado` varchar(100) DEFAULT NULL
) ENGINE=InnoDB DEFAULT CHARSET=utf8;

--
-- Volcado de datos para la tabla `pedidos`
--

INSERT INTO `pedidos` (`id`, `idcliente`, `fecha`, `estado`) VALUES
(2, 1, '1378370611', '1'),
(3, 2, '1378370703', '1'),
(4, 2, '1378371165', '2'),
(5, 1, '1378371384', '1'),
(6, 2, '1378371744', '0'),
(7, 2, '1378371813', '0'),
(8, 1, '1378371829', '0'),
(9, 1, '1378371869', '0'),
(10, 1, '1378372025', '1'),
(11, 1, '1378373074', '0'),
(12, 1, '1378373135', '2'),
(13, 1, '1378373247', '0'),
(14, 1, '1378373329', '0'),
(15, 1, '1378373395', '0'),
(16, 1, '1378373425', '0'),
(17, 1, '1378375518', '0'),
(18, 1, '1378375558', '0'),
(19, 1, '1378391155', '0'),
(20, 3, '1535676099', '0'),
(21, 3, '1535676661', '0'),
(22, 3, '1535676711', '0'),
(23, 3, '1535758699', '0'),
(24, 3, '1535759375', '0'),
(25, 3, '1535759614', '0'),
(26, 3, '1535759821', '0'),
(27, 3, '1535759937', '0'),
(28, 1, '1535760029', '0'),
(29, 3, '1535760184', '0'),
(30, 3, '1535761174', '0'),
(31, 3, '1535761244', '0'),
(32, 3, '1535761376', '0'),
(33, 3, '1537585226', '0');

-- --------------------------------------------------------

--
-- Estructura de tabla para la tabla `productos`
--

CREATE TABLE `productos` (
  `id` int(100) NOT NULL,
  `nombre` varchar(255) DEFAULT NULL,
  `descripcion` varchar(255) DEFAULT NULL,
  `precio` decimal(30,2) DEFAULT NULL,
  `peso` int(255) DEFAULT NULL,
  `longitud` int(255) DEFAULT NULL,
  `anchura` int(255) DEFAULT NULL,
  `altura` int(255) DEFAULT NULL,
  `existencias` int(255) DEFAULT NULL,
  `activado` tinyint(1) DEFAULT NULL
) ENGINE=InnoDB DEFAULT CHARSET=utf8;

--
-- Volcado de datos para la tabla `productos`
--

INSERT INTO `productos` (`id`, `nombre`, `descripcion`, `precio`, `peso`, `longitud`, `anchura`, `altura`, `existencias`, `activado`) VALUES
(1, 'Lámpara Icosaedro', 'Descripción de la lámpara icosaedro', '21.00', 1, 20, 20, 20, 3, 1),
(2, 'Lámpara cubo', 'Esta es la descripción de la lámpara cubo', '25.00', 1, 25, 25, 25, 17, 1),
(3, 'Lámpara Estrella', 'Descripción de la lámpara estrella', '18.00', 1, 20, 20, 20, 13, 1);

--
-- Índices para tablas volcadas
--

--
-- Indices de la tabla `clientes`
--
ALTER TABLE `clientes`
  ADD PRIMARY KEY (`id`);

--
-- Indices de la tabla `imagenesproductos`
--
ALTER TABLE `imagenesproductos`
  ADD PRIMARY KEY (`id`);

--
-- Indices de la tabla `lineaspedido`
--
ALTER TABLE `lineaspedido`
  ADD PRIMARY KEY (`id`);

--
-- Indices de la tabla `pedidos`
--
ALTER TABLE `pedidos`
  ADD PRIMARY KEY (`id`);

--
-- Indices de la tabla `productos`
--
ALTER TABLE `productos`
  ADD PRIMARY KEY (`id`);

--
-- AUTO_INCREMENT de las tablas volcadas
--

--
-- AUTO_INCREMENT de la tabla `clientes`
--
ALTER TABLE `clientes`
  MODIFY `id` int(100) NOT NULL AUTO_INCREMENT, AUTO_INCREMENT=5;

--
-- AUTO_INCREMENT de la tabla `imagenesproductos`
--
ALTER TABLE `imagenesproductos`
  MODIFY `id` int(100) NOT NULL AUTO_INCREMENT, AUTO_INCREMENT=7;

--
-- AUTO_INCREMENT de la tabla `lineaspedido`
--
ALTER TABLE `lineaspedido`
  MODIFY `id` int(100) NOT NULL AUTO_INCREMENT, AUTO_INCREMENT=62;

--
-- AUTO_INCREMENT de la tabla `pedidos`
--
ALTER TABLE `pedidos`
  MODIFY `id` int(100) NOT NULL AUTO_INCREMENT, AUTO_INCREMENT=34;

--
-- AUTO_INCREMENT de la tabla `productos`
--
ALTER TABLE `productos`
  MODIFY `id` int(100) NOT NULL AUTO_INCREMENT, AUTO_INCREMENT=4;
COMMIT;

/*!40101 SET CHARACTER_SET_CLIENT=@OLD_CHARACTER_SET_CLIENT */;
/*!40101 SET CHARACTER_SET_RESULTS=@OLD_CHARACTER_SET_RESULTS */;
/*!40101 SET COLLATION_CONNECTION=@OLD_COLLATION_CONNECTION */;
